{
  "accuracy": 0.784,
  "precision": 0.7246127366609294,
  "recall": 0.8825995807127882,
  "num_samples": 1000,
  "num_total_attempts": 1000,
  "num_ambiguous_raw": 0,
  "ambiguity_rate": 0.0
}