{
  "accuracy": 0.747,
  "precision": 0.6905901116427432,
  "recall": 0.8800813008130082,
  "num_samples": 1000,
  "num_total_attempts": 1000,
  "num_ambiguous_raw": 0,
  "ambiguity_rate": 0.0
}
