{
  "accuracy": 0.753,
  "precision": 0.7028301886792453,
  "recall": 0.8851485148514852,
  "num_samples": 1000,
  "num_total_attempts": 1000,
  "num_ambiguous_raw": 0,
  "ambiguity_rate": 0.0
}