{
  "accuracy": 0.79,
  "precision": 0.7370892018779343,
  "recall": 0.9181286549707602,
  "num_samples": 1000,
  "num_total_attempts": 1000,
  "num_ambiguous_raw": 0,
  "ambiguity_rate": 0.0
}