{
  "accuracy": 0.7966666666666666,
  "precision": 0.7589743589743589,
  "recall": 0.9135802469135802,
  "num_samples": 300,
  "num_total_attempts": 300,
  "num_ambiguous_raw": 0,
  "ambiguity_rate": 0.0
}