{
  "accuracy": 0.837,
  "precision": 0.7823240589198036,
  "recall": 0.9409448818897638,
  "num_samples": 1000,
  "num_total_attempts": 1000,
  "num_ambiguous_raw": 0,
  "ambiguity_rate": 0.0
}