{
  "accuracy": 0.767,
  "precision": 0.6996904024767802,
  "recall": 0.9205702647657841,
  "num_samples": 1000,
  "num_total_attempts": 1000,
  "num_ambiguous_raw": 0,
  "ambiguity_rate": 0.0
}