{
  "accuracy": 0.717,
  "precision": 0.6495388669301713,
  "recall": 0.9666666666666667,
  "num_samples": 1000,
  "num_total_attempts": 1000,
  "num_ambiguous_raw": 0,
  "ambiguity_rate": 0.0
}