{
  "accuracy": 0.74,
  "precision": 0.6737967914438503,
  "recall": 0.8811188811188811,
  "num_samples": 300,
  "num_total_attempts": 300,
  "num_ambiguous_raw": 0,
  "ambiguity_rate": 0.0
}