{
  "accuracy": 0.9166666666666666,
  "precision": 0.9101796407185628,
  "recall": 0.9382716049382716,
  "num_samples": 300,
  "num_total_attempts": 300,
  "num_ambiguous_raw": 0,
  "ambiguity_rate": 0.0
}