{
  "accuracy": 0.777,
  "precision": 0.7290015847860539,
  "recall": 0.8984375,
  "num_samples": 1000,
  "num_total_attempts": 1000,
  "num_ambiguous_raw": 0,
  "ambiguity_rate": 0.0
}