{
  "accuracy": 0.775,
  "precision": 0.6950867052023122,
  "recall": 0.9717171717171718,
  "num_samples": 1000,
  "num_total_attempts": 1000,
  "num_ambiguous_raw": 0,
  "ambiguity_rate": 0.0
}