{
  "accuracy": 0.788,
  "precision": 0.7412935323383084,
  "recall": 0.8886679920477137,
  "num_samples": 1000,
  "num_total_attempts": 1000,
  "num_ambiguous_raw": 0,
  "ambiguity_rate": 0.0
}