{
  "accuracy": 0.848,
  "precision": 0.8168761220825853,
  "recall": 0.900990099009901,
  "num_samples": 1000,
  "num_total_attempts": 1000,
  "num_ambiguous_raw": 0,
  "ambiguity_rate": 0.0
}