{
  "accuracy": 0.785,
  "precision": 0.7246835443037974,
  "recall": 0.9178356713426854,
  "num_samples": 1000,
  "num_total_attempts": 1000,
  "num_ambiguous_raw": 0,
  "ambiguity_rate": 0.0
}